Date,Resort,TempMax_pred,TempMin_pred
2023-01-01,Cabramurra SMHEA AWS,16.021040476190457,6.941182539682543
2023-01-08,Cabramurra SMHEA AWS,18.947103174603182,8.882850793650789
2023-01-15,Cabramurra SMHEA AWS,20.173547619047596,10.499944444444449
2023-01-22,Cabramurra SMHEA AWS,20.701149206349207,10.227736507936518
2023-01-29,Cabramurra SMHEA AWS,18.993753968253984,10.254984126984121
2023-02-05,Cabramurra SMHEA AWS,16.894126984126967,8.098642857142847
2023-02-12,Cabramurra SMHEA AWS,17.865531746031756,8.27783333333333
2023-02-19,Cabramurra SMHEA AWS,17.08707539682538,7.409673015873015
2023-02-26,Cabramurra SMHEA AWS,19.406588095238092,11.276142857142858
2023-03-05,Cabramurra SMHEA AWS,18.744642857142846,10.416301587301598
2023-03-12,Cabramurra SMHEA AWS,18.019896031746025,9.803555555555572
2023-03-19,Cabramurra SMHEA AWS,15.374561904761922,6.802683333333332
2023-03-26,Cabramurra SMHEA AWS,16.977134920634924,8.91705396825396
2023-04-02,Cabramurra SMHEA AWS,13.864669841269842,5.8455714285714375
2023-04-09,Cabramurra SMHEA AWS,11.314316666666656,5.112741269841268
2023-04-16,Cabramurra SMHEA AWS,10.03556349206349,4.907411111111107
2023-04-23,Cabramurra SMHEA AWS,10.671201587301596,3.763525396825399
2023-04-30,Cabramurra SMHEA AWS,11.113730158730167,4.962388888888883
2023-05-07,Cabramurra SMHEA AWS,8.529150793650802,3.087190476190467
2023-05-14,Cabramurra SMHEA AWS,8.277288888888883,1.6778476190476168
2023-05-21,Cabramurra SMHEA AWS,6.651083333333322,1.452031746031745
2023-05-28,Cabramurra SMHEA AWS,5.586526984126979,-0.5619380952380951
2023-06-04,Cabramurra SMHEA AWS,2.2758158730158726,-1.2622857142857147
2023-06-11,Cabramurra SMHEA AWS,4.560825396825396,0.03349999999999999
2023-06-18,Cabramurra SMHEA AWS,5.2056904761904725,0.5920952380952383
2023-06-25,Cabramurra SMHEA AWS,4.27884920634921,-1.2386587301587324
2023-07-02,Cabramurra SMHEA AWS,2.868265079365077,-1.4839698412698423
2023-07-09,Cabramurra SMHEA AWS,2.791444444444446,-1.4875079365079398
2023-07-16,Cabramurra SMHEA AWS,2.0774460317460304,-1.917992063492065
2023-07-23,Cabramurra SMHEA AWS,3.0925793650793665,-0.7952619047619056
2023-07-30,Cabramurra SMHEA AWS,3.617096825396827,-1.1689888888888882
2023-08-06,Cabramurra SMHEA AWS,4.693028571428574,0.03999206349206349
2023-08-13,Cabramurra SMHEA AWS,4.770539682539682,0.3218333333333332
2023-08-20,Cabramurra SMHEA AWS,5.274563492063498,-0.026246031746031732
2023-08-27,Cabramurra SMHEA AWS,4.672303174603177,-0.20603174603174615
2023-09-03,Cabramurra SMHEA AWS,7.511853174603181,1.0006071428571424
2023-09-10,Cabramurra SMHEA AWS,8.254603174603176,2.35891904761905
2023-09-17,Cabramurra SMHEA AWS,6.150376190476186,0.33424603174603185
2023-09-24,Cabramurra SMHEA AWS,11.848033333333323,5.156357142857143
2023-10-01,Cabramurra SMHEA AWS,10.629070634920627,5.074750793650799
2023-10-08,Cabramurra SMHEA AWS,13.948790476190476,6.275340476190479
2023-10-15,Cabramurra SMHEA AWS,11.953534920634917,4.983548412698409
2023-10-22,Cabramurra SMHEA AWS,11.130761904761904,3.205431746031748
2023-10-29,Cabramurra SMHEA AWS,12.143010317460325,4.748014285714287
2023-11-05,Cabramurra SMHEA AWS,14.306846031746051,4.965838888888894
2023-11-12,Cabramurra SMHEA AWS,10.101361904761932,2.4222261904761857
2023-11-19,Cabramurra SMHEA AWS,16.065587301587303,7.2839634920634975
2023-11-26,Cabramurra SMHEA AWS,17.472447619047607,8.695804761904762
2023-12-03,Cabramurra SMHEA AWS,14.957811111111111,6.385736507936513
2023-12-10,Cabramurra SMHEA AWS,13.772944444444446,4.5746960317460275
2023-12-17,Cabramurra SMHEA AWS,19.410198412698442,10.49748571428572
2023-12-24,Cabramurra SMHEA AWS,19.59859523809524,9.258836507936508
2023-12-31,Cabramurra SMHEA AWS,20.103293650793624,11.10451587301587
2024-01-07,Cabramurra SMHEA AWS,16.7962968253968,7.819125396825409
2024-01-14,Cabramurra SMHEA AWS,18.599293650793655,10.007276190476178
2024-01-21,Cabramurra SMHEA AWS,19.766603174603148,10.115441269841268
2024-01-28,Cabramurra SMHEA AWS,18.90437301587301,10.686880952380953
2024-02-04,Cabramurra SMHEA AWS,16.201269841269838,9.159277777777774
2024-02-11,Cabramurra SMHEA AWS,20.21969841269839,12.722206349206347
2024-02-18,Cabramurra SMHEA AWS,19.030746031746038,9.970400793650805
2024-02-25,Cabramurra SMHEA AWS,18.215623809523812,9.42756984126984
2024-03-03,Cabramurra SMHEA AWS,18.627698412698432,9.765873015873023
2024-03-10,Cabramurra SMHEA AWS,20.153869047619022,11.179507936507934
2024-03-17,Cabramurra SMHEA AWS,19.302507936507915,11.923577777777785
2024-03-24,Cabramurra SMHEA AWS,16.496428571428574,8.449087301587305
2024-03-31,Cabramurra SMHEA AWS,15.443833333333323,6.992103174603177
2024-04-07,Cabramurra SMHEA AWS,16.264682539682546,8.221611111111102
2024-04-14,Cabramurra SMHEA AWS,12.395047619047604,4.559838095238094
2024-04-21,Cabramurra SMHEA AWS,10.682892857142845,4.744355555555554
2024-04-28,Cabramurra SMHEA AWS,11.376071428571425,4.49599206349206
2024-05-05,Cabramurra SMHEA AWS,10.186920634920645,4.071999999999998
2024-05-12,Cabramurra SMHEA AWS,7.671777777777784,3.3780984126984093
2024-05-19,Cabramurra SMHEA AWS,7.83461904761905,2.423512698412701
2024-05-26,Cabramurra SMHEA AWS,7.475265873015869,3.0737793650793717
2024-06-02,Cabramurra SMHEA AWS,4.01296031746032,0.11797301587301587
2024-06-09,Cabramurra SMHEA AWS,3.9218571428571463,0.39208412698412703
2024-06-16,Cabramurra SMHEA AWS,4.739168253968259,-0.8107380952380953
2024-06-23,Cabramurra SMHEA AWS,4.470611111111108,-0.545244444444445
2024-06-30,Cabramurra SMHEA AWS,2.731992063492065,-1.7426031746031734
2024-07-07,Cabramurra SMHEA AWS,3.7015777777777754,-1.4396349206349215
2024-07-14,Cabramurra SMHEA AWS,2.4393333333333365,-1.5703174603174581
2024-07-21,Cabramurra SMHEA AWS,3.516984126984124,-1.3747619047619049
2024-07-28,Cabramurra SMHEA AWS,3.9380000000000033,-0.8093984126984133
2024-08-04,Cabramurra SMHEA AWS,2.687187301587303,-1.7113873015873038
2024-08-11,Cabramurra SMHEA AWS,3.615833333333335,-0.9470198412698416
2024-08-18,Cabramurra SMHEA AWS,4.522785714285713,-1.3418650793650793
2024-08-25,Cabramurra SMHEA AWS,5.6871269841269845,0.5936531746031739
2024-09-01,Cabramurra SMHEA AWS,7.26174206349207,2.0464476190476186
2024-09-08,Cabramurra SMHEA AWS,6.508297619047618,1.355049206349208
2024-09-15,Cabramurra SMHEA AWS,7.8138769841269955,1.0017301587301584
2024-09-22,Cabramurra SMHEA AWS,8.607999206349213,1.9785301587301616
2024-09-29,Cabramurra SMHEA AWS,7.994051587301579,0.9870396825396832
2024-10-06,Cabramurra SMHEA AWS,8.180801587301591,1.2731134920634914
2024-10-13,Cabramurra SMHEA AWS,10.51123809523809,3.062769841269846
2024-10-20,Cabramurra SMHEA AWS,13.906166666666666,5.95017142857143
2024-10-27,Cabramurra SMHEA AWS,11.281390476190468,3.731718253968256
2024-11-03,Cabramurra SMHEA AWS,14.364236507936534,5.363167460317467
2024-11-10,Cabramurra SMHEA AWS,12.853388095238103,6.161264285714287
2024-11-17,Cabramurra SMHEA AWS,15.848813492063494,7.344966666666664
2024-11-24,Cabramurra SMHEA AWS,16.91061111111112,8.40363333333333
2024-12-01,Cabramurra SMHEA AWS,17.120896825396844,9.51531587301585
2024-12-08,Cabramurra SMHEA AWS,16.03480158730156,7.504976190476192
2024-12-15,Cabramurra SMHEA AWS,18.170527777777775,9.312123809523813
2024-12-22,Cabramurra SMHEA AWS,20.561952380952388,11.467698412698399
2024-12-29,Cabramurra SMHEA AWS,20.769476190476155,11.946214285714273
2025-01-05,Cabramurra SMHEA AWS,21.233174603174586,10.986319047619057
2025-01-12,Cabramurra SMHEA AWS,21.25512936507938,12.030055555555581
2025-01-19,Cabramurra SMHEA AWS,21.018722222222227,10.233276190476202
2025-01-26,Cabramurra SMHEA AWS,19.21701428571427,10.21918253968253
2025-02-02,Cabramurra SMHEA AWS,19.513337301587306,10.91467936507937
2025-02-09,Cabramurra SMHEA AWS,21.042535714285687,12.904346031746048
2025-02-16,Cabramurra SMHEA AWS,21.572609523809493,12.221458730158732
2025-02-23,Cabramurra SMHEA AWS,19.035815873015896,10.118567460317466
2025-03-02,Cabramurra SMHEA AWS,18.52034920634921,10.175142857142866
2025-03-09,Cabramurra SMHEA AWS,22.09878571428573,12.85384761904765
2025-03-16,Cabramurra SMHEA AWS,19.178380952380955,11.36374603174605
2025-03-23,Cabramurra SMHEA AWS,17.303630952380953,9.133371428571433
2025-03-30,Cabramurra SMHEA AWS,16.21938888888889,8.290023809523811
2025-04-06,Cabramurra SMHEA AWS,15.688603174603172,8.664373015873014
2025-04-13,Cabramurra SMHEA AWS,13.60174603174603,6.0125714285714205
2025-04-20,Cabramurra SMHEA AWS,12.454246031746012,6.37232380952381
2025-04-27,Cabramurra SMHEA AWS,15.154722222222208,8.004761904761903
2025-05-04,Cabramurra SMHEA AWS,12.117047619047614,6.138666666666672
2025-05-11,Cabramurra SMHEA AWS,8.866222222222213,4.579087301587299
2025-05-18,Cabramurra SMHEA AWS,9.79142063492064,3.964507936507933
2025-05-25,Cabramurra SMHEA AWS,7.779071428571428,3.2350476190476156
2025-06-01,Cabramurra SMHEA AWS,5.297325396825404,0.8771317460317459
2025-06-08,Cabramurra SMHEA AWS,4.549015873015877,0.27561904761904754
2025-06-15,Cabramurra SMHEA AWS,5.476079365079377,0.05209682539682539
2025-06-22,Cabramurra SMHEA AWS,3.0191031746031727,-1.7229507936507926
2025-06-29,Cabramurra SMHEA AWS,3.0837714285714277,-1.2087698412698402
2025-07-06,Cabramurra SMHEA AWS,3.7104206349206366,-1.3579555555555571
2025-07-13,Cabramurra SMHEA AWS,2.86326666666667,-1.2262380952380936
2025-07-20,Cabramurra SMHEA AWS,3.509658730158733,-0.9616952380952394
2025-07-27,Cabramurra SMHEA AWS,3.301876190476189,-1.1917857142857131
2025-08-03,Cabramurra SMHEA AWS,2.113192063492062,-1.6434047619047623
2023-01-01,Falls Creek,17.528938095238086,8.049957142857151
2023-01-08,Falls Creek,16.85215873015871,8.131626984126985
2023-01-15,Falls Creek,17.81203968253967,8.482817460317454
2023-01-22,Falls Creek,18.177939682539684,8.41404444444445
2023-01-29,Falls Creek,18.655619047619037,8.985253968253954
2023-02-05,Falls Creek,14.78444603174602,7.880503174603185
2023-02-12,Falls Creek,15.44250793650793,6.201679365079369
2023-02-19,Falls Creek,16.31249206349205,7.467542857142856
2023-02-26,Falls Creek,17.61273174603175,8.194865079365082
2023-03-05,Falls Creek,16.980895238095236,8.316123809523809
2023-03-12,Falls Creek,15.573799999999999,7.190865079365079
2023-04-09,Falls Creek,11.366500000000006,4.843763492063488
2023-04-16,Falls Creek,9.959079365079361,2.935065079365079
2023-04-23,Falls Creek,9.301530158730166,2.6827222222222207
2023-04-30,Falls Creek,8.374341269841278,1.5291428571428567
2023-05-07,Falls Creek,4.636214285714287,-0.08453809523809527
2023-05-14,Falls Creek,5.572611111111116,0.15688095238095243
2023-05-21,Falls Creek,4.210322222222221,-0.7101349206349202
2023-05-28,Falls Creek,5.486570634920634,-1.601674603174604
2023-06-04,Falls Creek,2.0545904761904743,-2.762944444444443
2023-06-11,Falls Creek,1.7986777777777763,-2.010857142857142
2023-06-18,Falls Creek,3.8584603174603194,-1.3514365079365114
2023-06-25,Falls Creek,2.6369285714285673,-1.6339000000000012
2023-07-02,Falls Creek,0.706898412698413,-3.6414984126984122
2023-07-09,Falls Creek,1.3189960317460323,-3.117285714285714
2023-07-16,Falls Creek,1.4561063492063484,-3.295047619047617
2023-07-23,Falls Creek,2.681720634920636,-1.2790873015873034
2023-07-30,Falls Creek,2.118239682539682,-2.3114761904761916
2023-08-06,Falls Creek,2.368730158730157,-2.456563492063494
2023-08-13,Falls Creek,4.319571428571425,-0.05622222222222222
2023-08-20,Falls Creek,3.299396825396824,-1.1612142857142858
2023-08-27,Falls Creek,2.6718095238095234,-1.8800952380952363
2023-09-03,Falls Creek,6.0650595238095155,0.00027777777777787004
2023-09-10,Falls Creek,5.711351587301583,0.33979841269841243
2023-09-17,Falls Creek,5.914547619047627,-0.4860396825396824
2023-09-24,Falls Creek,7.3305714285714245,0.9631785714285718
2023-10-01,Falls Creek,5.6857777777777985,0.30029047619047605
2023-10-08,Falls Creek,11.912749999999997,4.413404761904763
2023-10-15,Falls Creek,10.942530952380947,2.3138523809523797
2023-10-22,Falls Creek,8.805655555555562,2.7693507936507924
2023-10-29,Falls Creek,10.094198412698413,1.9210650793650783
2023-11-05,Falls Creek,12.734392857142868,3.226430158730156
2023-11-12,Falls Creek,11.588663492063489,2.30625238095238
2023-11-19,Falls Creek,13.655899999999995,5.707055555555556
2023-11-26,Falls Creek,14.424236507936524,4.682544444444453
2023-12-03,Falls Creek,14.459396031746028,6.047845238095239
2023-12-10,Falls Creek,13.327325396825398,5.453214285714288
2023-12-17,Falls Creek,15.049265079365059,7.301198412698415
2023-12-24,Falls Creek,19.373468253968255,10.172055555555552
2023-12-31,Falls Creek,17.442468253968222,9.382055555555565
2024-01-07,Falls Creek,16.518484126984127,7.798730158730159
2024-01-14,Falls Creek,15.842620634920616,7.212019047619054
2024-01-21,Falls Creek,17.31906349206349,9.530571428571426
2024-01-28,Falls Creek,18.677976190476205,8.740365079365066
2024-02-04,Falls Creek,17.50956190476188,7.21624047619048
2024-02-11,Falls Creek,16.344388888888886,7.001976190476184
2024-02-18,Falls Creek,17.226685714285704,8.329980158730152
2024-02-25,Falls Creek,15.97069047619044,6.708539682539685
2024-03-03,Falls Creek,17.58271904761904,8.948984126984127
2024-03-10,Falls Creek,17.366785714285708,9.492095238095237
2024-03-17,Falls Creek,17.84771428571427,10.354468253968268
2024-03-24,Falls Creek,15.908171428571423,7.64599206349207
2024-03-31,Falls Creek,12.528380952380944,5.172007936507934
2024-04-07,Falls Creek,12.849333333333318,6.16273809523809
2024-04-14,Falls Creek,9.20871428571428,2.0482063492063536
2024-04-21,Falls Creek,11.61320952380952,3.4823650793650773
2024-04-28,Falls Creek,8.67780952380953,1.4979920634920625
2024-05-05,Falls Creek,5.593349206349208,0.1835047619047617
2024-05-12,Falls Creek,5.538571428571426,0.24806031746031754
2024-05-19,Falls Creek,4.9635222222222195,-0.01149920634920631
2024-05-26,Falls Creek,7.073309523809504,1.4302738095238106
2024-06-02,Falls Creek,4.148718253968256,-1.2650904761904767
2024-06-09,Falls Creek,4.082976190476193,-1.6356825396825394
2024-06-16,Falls Creek,4.575777777777776,-0.5753015873015878
2024-06-23,Falls Creek,3.2414880952380942,-2.1835761904761934
2024-06-30,Falls Creek,1.7556666666666667,-4.697460317460319
2024-07-07,Falls Creek,0.49231746031745954,-3.987492063492055
2024-07-14,Falls Creek,0.563298412698413,-3.88180158730159
2024-07-21,Falls Creek,0.051130158730158685,-3.7557103174603124
2024-07-28,Falls Creek,1.1106000000000011,-2.7987857142857155
2024-08-04,Falls Creek,1.376936507936507,-2.8231190476190484
2024-08-11,Falls Creek,1.0218253968253983,-2.7893253968253937
2024-08-18,Falls Creek,2.131150793650795,-2.2129523809523826
2024-08-25,Falls Creek,2.7448984126984124,-0.5133809523809524
2024-09-01,Falls Creek,6.852511111111102,0.6835976190476195
2024-09-08,Falls Creek,4.53712698412698,-0.3381452380952377
2024-09-15,Falls Creek,3.84017063492064,-1.016087301587301
2024-09-22,Falls Creek,6.082494444444449,-0.1352968253968255
2024-09-29,Falls Creek,5.241083333333333,-0.7711666666666656
2024-10-06,Falls Creek,8.124055555555561,1.003453968253969
2024-10-13,Falls Creek,9.472801587301586,1.3833301587301559
2024-10-20,Falls Creek,10.832139682539681,3.5089126984126997
2024-10-27,Falls Creek,10.476754761904779,2.477388888888893
2024-11-03,Falls Creek,13.395571428571436,3.312546031746033
2024-11-10,Falls Creek,11.466194444444449,3.526584126984122
2024-11-17,Falls Creek,13.656180952380973,5.513075396825398
2024-11-24,Falls Creek,15.821926190476182,6.887863492063494
2024-12-01,Falls Creek,15.330107936507932,6.439305555555558
2024-12-08,Falls Creek,11.993547619047641,4.644753968253965
2024-12-15,Falls Creek,15.700249206349206,7.394404761904769
2024-12-22,Falls Creek,18.674414285714295,9.107630952380953
2024-12-29,Falls Creek,17.795398412698415,9.80388095238095
2025-01-05,Falls Creek,18.232722222222197,8.6405126984127
2025-01-12,Falls Creek,17.70073650793649,9.253290476190477
2025-01-19,Falls Creek,19.122776190476195,8.148506349206336
2025-01-26,Falls Creek,18.206336507936516,7.706354761904768
2025-02-02,Falls Creek,15.677428571428566,7.265484126984128
2025-02-09,Falls Creek,20.170833333333345,11.44639523809525
2025-02-16,Falls Creek,17.305404761904757,7.713928571428573
2025-02-23,Falls Creek,15.567593650793684,7.988349206349211
2025-03-02,Falls Creek,17.89467460317459,8.120603968253967
2025-03-09,Falls Creek,16.90094047619046,7.635058730158712
2025-03-16,Falls Creek,19.60760714285711,10.616706349206368
2025-03-23,Falls Creek,15.270107142857114,8.391214285714284
2025-03-30,Falls Creek,12.880039682539673,5.6060714285714255
2025-04-06,Falls Creek,12.695673015872986,6.354571428571421
2025-04-13,Falls Creek,10.18795634920634,3.8135698412698367
2025-04-20,Falls Creek,9.785965079365084,2.3127698412698385
2025-04-27,Falls Creek,11.51168888888888,5.821682539682541
2025-05-04,Falls Creek,7.396361111111118,2.61331746031746
2025-05-11,Falls Creek,6.224142857142851,2.4576968253968277
2025-05-18,Falls Creek,6.938837301587288,1.685292063492062
2025-05-25,Falls Creek,6.4280952380952305,0.7133428571428572
2025-06-01,Falls Creek,4.591230158730153,0.6128333333333325
2025-06-08,Falls Creek,4.230126984126987,0.2743968253968254
2025-06-15,Falls Creek,4.630698412698415,-1.4238523809523806
2025-06-22,Falls Creek,0.4958611111111107,-3.0798000000000005
2025-06-29,Falls Creek,2.1008015873015884,-2.461476190476192
2025-07-06,Falls Creek,2.1745753968253956,-2.3480000000000025
2025-07-13,Falls Creek,2.4287333333333345,-2.427276190476192
2025-07-20,Falls Creek,0.6127063492063491,-2.7750476190476157
2025-07-27,Falls Creek,0.3210761904761903,-3.4837142857142855
2025-08-03,Falls Creek,1.125186507936508,-3.537841269841262
2023-01-01,Mount Baw Baw,15.738016666666676,6.4907301587301545
2023-01-08,Mount Baw Baw,17.58555555555555,8.908880952380951
2023-01-15,Mount Baw Baw,18.903769841269835,9.285576190476185
2023-01-22,Mount Baw Baw,18.063884126984135,9.218395238095242
2023-01-29,Mount Baw Baw,19.196817460317444,10.431458730158726
2023-02-05,Mount Baw Baw,14.767965079365055,7.594073015873022
2023-02-12,Mount Baw Baw,15.147198412698396,5.74614285714286
2023-02-19,Mount Baw Baw,15.989009523809525,7.081085714285716
2023-02-26,Mount Baw Baw,16.7114126984127,8.824714285714286
2023-03-05,Mount Baw Baw,17.410807936507915,8.97577142857142
2023-03-12,Mount Baw Baw,16.681126984126973,8.271634920634899
2023-03-19,Mount Baw Baw,12.250257142857146,4.141220634920635
2023-03-26,Mount Baw Baw,14.520341269841255,6.642547619047614
2023-04-02,Mount Baw Baw,12.408380952380949,5.074238095238096
2023-04-09,Mount Baw Baw,11.057669841269854,5.141704761904763
2023-04-16,Mount Baw Baw,8.929214285714291,2.868238095238096
2023-04-23,Mount Baw Baw,9.915723809523822,3.1118492063492043
2023-04-30,Mount Baw Baw,8.616845238095241,2.4857071428571387
2023-05-07,Mount Baw Baw,7.915047619047626,2.3276920634920617
2023-05-14,Mount Baw Baw,6.873269841269844,0.5066698412698413
2023-05-21,Mount Baw Baw,5.392079365079358,-0.09414682539682526
2023-05-28,Mount Baw Baw,5.651330158730162,-0.05998888888888885
2023-06-04,Mount Baw Baw,2.3896428571428587,-0.9035634920634928
2023-06-11,Mount Baw Baw,3.3144317460317447,-0.19085714285714284
2023-06-18,Mount Baw Baw,3.71814285714286,-0.773968253968255
2023-06-25,Mount Baw Baw,4.206928571428572,-0.8735920634920651
2023-07-02,Mount Baw Baw,1.6290992063492045,-2.322407936507938
2023-07-09,Mount Baw Baw,1.6802111111111093,-2.8737126984126986
2023-07-16,Mount Baw Baw,2.832138095238099,-1.3804126984126988
2023-07-23,Mount Baw Baw,3.0457476190476145,-1.4052539682539698
2023-07-30,Mount Baw Baw,3.3414984126984106,-1.0944174603174603
2023-08-06,Mount Baw Baw,3.5597015873015927,-0.7039523809523803
2023-08-13,Mount Baw Baw,3.75601904761905,-0.40957142857142875
2023-08-20,Mount Baw Baw,4.844698412698419,-0.477511111111111
2023-08-27,Mount Baw Baw,3.62384126984127,-0.7254206349206354
2023-09-03,Mount Baw Baw,6.679508730158715,0.9219809523809531
2023-09-10,Mount Baw Baw,7.53720634920635,1.0204000000000009
2023-09-17,Mount Baw Baw,6.094500000000005,0.1946190476190476
2023-09-24,Mount Baw Baw,8.740285714285719,4.0153841269841335
2023-10-01,Mount Baw Baw,6.754646825396846,1.6959841269841278
2023-10-08,Mount Baw Baw,11.925272222222219,4.758190476190473
2023-10-15,Mount Baw Baw,10.545317460317452,1.6875682539682526
2023-10-22,Mount Baw Baw,8.756355555555563,1.3893833333333334
2023-10-29,Mount Baw Baw,10.34538095238095,2.7308134920634926
2023-11-05,Mount Baw Baw,13.485277777777766,4.073480952380952
2023-11-12,Mount Baw Baw,12.33250000000001,2.681219047619042
2023-11-19,Mount Baw Baw,14.604414285714295,5.981718253968256
2023-11-26,Mount Baw Baw,14.374244444444448,5.399387301587307
2023-12-03,Mount Baw Baw,13.486764285714282,6.54817777777778
2023-12-10,Mount Baw Baw,12.92307936507937,5.4672079365079345
2023-12-17,Mount Baw Baw,15.88376349206346,7.816150793650795
2023-12-24,Mount Baw Baw,18.736507936507927,8.471952380952372
2023-12-31,Mount Baw Baw,16.194365079365074,7.0174968253968215
2024-01-07,Mount Baw Baw,15.763436507936516,6.891450793650789
2024-01-14,Mount Baw Baw,15.875003174603131,7.525919047619048
2024-01-21,Mount Baw Baw,18.299666666666685,8.742039682539687
2024-01-28,Mount Baw Baw,17.57432539682538,8.511484126984115
2024-02-04,Mount Baw Baw,17.225599999999968,8.487477777777782
2024-02-11,Mount Baw Baw,17.570380952380955,7.626960317460318
2024-02-18,Mount Baw Baw,16.849679365079364,8.382226190476194
2024-02-25,Mount Baw Baw,18.249619047619067,10.10578095238095
2024-03-03,Mount Baw Baw,16.297325396825425,7.886761904761902
2024-03-10,Mount Baw Baw,16.87882857142859,7.738251587301581
2024-03-17,Mount Baw Baw,17.664448412698416,9.713523809523801
2024-03-24,Mount Baw Baw,15.094514285714283,6.940499999999996
2024-03-31,Mount Baw Baw,13.233142857142868,5.244074603174604
2024-04-07,Mount Baw Baw,12.698588888888882,6.359044444444431
2024-04-14,Mount Baw Baw,9.44258333333333,1.8476761904761945
2024-04-21,Mount Baw Baw,10.32638253968255,3.362103174603174
2024-04-28,Mount Baw Baw,8.350654761904766,1.6981428571428572
2024-05-05,Mount Baw Baw,4.474658730158734,-0.042990476190476204
2024-05-12,Mount Baw Baw,5.565222222222219,1.1916674603174606
2024-05-19,Mount Baw Baw,5.93833571428571,0.680420634920635
2024-05-26,Mount Baw Baw,6.065317460317456,0.2660206349206349
2024-06-02,Mount Baw Baw,3.4814730158730147,0.14297619047619048
2024-06-09,Mount Baw Baw,4.383336507936508,0.33845238095238084
2024-06-16,Mount Baw Baw,4.15438095238095,-0.1609746031746032
2024-06-23,Mount Baw Baw,2.423496031746029,-1.319274603174602
2024-06-30,Mount Baw Baw,2.7544571428571434,-2.2626349206349246
2024-07-07,Mount Baw Baw,1.4912761904761884,-3.638039682539684
2024-07-14,Mount Baw Baw,3.6487809523809513,-1.0405238095238105
2024-07-21,Mount Baw Baw,2.130807936507932,-1.794738095238095
2024-07-28,Mount Baw Baw,2.0994571428571427,-2.1805777777777777
2024-08-04,Mount Baw Baw,2.6736190476190504,-2.4424825396825427
2024-08-11,Mount Baw Baw,3.7544325396825413,-1.1927539682539678
2024-08-18,Mount Baw Baw,4.111912698412702,-1.3555238095238082
2024-08-25,Mount Baw Baw,5.088603174603175,0.15967777777777764
2024-09-01,Mount Baw Baw,6.847357142857142,1.3945349206349218
2024-09-08,Mount Baw Baw,6.498440476190478,0.8555888888888895
2024-09-15,Mount Baw Baw,6.267940476190474,0.16235714285714264
2024-09-22,Mount Baw Baw,7.111994444444445,-0.5046301587301585
2024-12-29,Mount Baw Baw,13.743729365079371,1.0626579365079356
2025-01-05,Mount Baw Baw,18.191154761904773,6.7211746031746085
2025-01-12,Mount Baw Baw,17.22664444444444,7.657444444444453
2025-01-19,Mount Baw Baw,19.034857936507922,8.626857142857139
2025-01-26,Mount Baw Baw,17.90882063492062,8.22739126984127
2025-03-02,Mount Baw Baw,16.39445396825396,7.656628571428575
2025-03-09,Mount Baw Baw,17.565166666666663,9.973769841269844
2025-03-16,Mount Baw Baw,17.65117460317458,9.599380952380965
2025-03-23,Mount Baw Baw,16.406811904761888,8.451095238095236
2025-03-30,Mount Baw Baw,13.256493650793638,5.358476190476188
2025-04-06,Mount Baw Baw,12.75019682539681,6.1596190476190396
2025-04-13,Mount Baw Baw,9.202390476190478,3.228793650793649
2025-04-20,Mount Baw Baw,10.115376190476178,3.1673373015873008
2025-04-27,Mount Baw Baw,13.169388888888859,6.478473015873019
2025-05-04,Mount Baw Baw,9.026707936507924,4.553960317460307
2025-05-11,Mount Baw Baw,9.027722222222208,3.1810730158730145
2025-05-18,Mount Baw Baw,6.561885714285716,1.5443999999999993
2025-05-25,Mount Baw Baw,5.844155555555551,0.1704333333333334
2025-06-01,Mount Baw Baw,3.6818492063492068,0.8134047619047617
2025-06-08,Mount Baw Baw,4.377571428571429,-0.06425714285714279
2025-06-15,Mount Baw Baw,4.443341269841269,-0.44661111111111146
2025-06-22,Mount Baw Baw,2.4537261904761882,-1.5600682539682564
2025-06-29,Mount Baw Baw,3.042888888888891,-1.5894444444444447
2025-07-06,Mount Baw Baw,2.797365079365078,-1.3634603174603177
2025-07-13,Mount Baw Baw,3.2913111111111153,-1.0596190476190488
2025-07-20,Mount Baw Baw,2.4014698412698405,-1.4919682539682528
2025-07-27,Mount Baw Baw,2.8332896825396805,-1.4241269841269866
2025-08-03,Mount Baw Baw,2.324063492063492,-1.5841317460317448
2023-01-01,Mount Buller,17.116124603174615,7.2830079365079365
2023-01-08,Mount Buller,17.449539682539694,8.45948412698412
2023-01-15,Mount Buller,19.120900793650794,9.161785714285713
2023-01-22,Mount Buller,19.966178571428586,10.329747619047636
2023-01-29,Mount Buller,19.27667460317458,10.066563492063494
2023-02-05,Mount Buller,15.146157142857119,9.00119047619048
2023-02-12,Mount Buller,15.971396825396814,7.058587301587299
2023-02-19,Mount Buller,15.606304761904749,7.023715873015871
2023-02-26,Mount Buller,17.23420158730157,9.432250000000005
2023-03-05,Mount Buller,16.720571428571418,9.190999999999995
2023-03-12,Mount Buller,16.67495238095237,8.625761904761895
2023-03-19,Mount Buller,12.657919047619053,4.415630158730164
2023-03-26,Mount Buller,14.229063492063469,6.5923063492063445
2023-04-02,Mount Buller,12.050761904761895,4.6172142857142875
2023-04-09,Mount Buller,10.638479365079368,3.7173714285714246
2023-04-16,Mount Buller,8.477543650793645,1.9338650793650805
2023-04-23,Mount Buller,10.686792063492065,4.169531746031746
2023-04-30,Mount Buller,8.07178174603174,1.4135238095238085
2023-05-07,Mount Buller,5.1517380952381,0.6633349206349213
2023-05-14,Mount Buller,5.816174603174612,0.11213968253968254
2023-05-21,Mount Buller,4.894099206349198,-0.8366666666666662
2023-05-28,Mount Buller,4.913947619047614,-0.8353253968253969
2023-06-04,Mount Buller,1.8340793650793645,-1.5940761904761929
2023-06-11,Mount Buller,2.1581333333333346,-1.6142063492063499
2023-06-18,Mount Buller,4.06730158730159,-2.1931634920634937
2023-06-25,Mount Buller,2.7049992063492074,-1.8864714285714308
2023-07-02,Mount Buller,0.56240634920635,-4.010450793650795
2023-07-09,Mount Buller,1.5373174603174593,-2.91558333333333
2023-07-16,Mount Buller,1.7068920634920624,-2.4016031746031747
2023-07-23,Mount Buller,2.9119539682539695,-1.3058888888888895
2023-07-30,Mount Buller,3.281317460317462,-1.7356507936507937
2023-08-06,Mount Buller,2.579023809523806,-2.1743809523809543
2023-08-13,Mount Buller,3.575785714285712,0.11376984126984127
2023-08-20,Mount Buller,4.1533412698412695,-0.7536301587301587
2023-08-27,Mount Buller,3.001982539682544,-1.8044285714285726
2023-09-03,Mount Buller,6.194904761904752,0.4398380952380944
2023-09-10,Mount Buller,5.922819047619046,0.07533809523809513
2023-09-17,Mount Buller,5.959623015873022,0.0901150793650795
2023-09-24,Mount Buller,8.072388888888879,1.343914285714285
2023-10-01,Mount Buller,5.675079365079384,0.9965238095238094
2023-10-08,Mount Buller,11.542478571428573,4.419333333333335
2023-10-15,Mount Buller,11.035269841269834,2.390258730158729
2023-10-22,Mount Buller,8.918096825396828,3.0729111111111096
2023-10-29,Mount Buller,11.789166666666667,3.3414214285714268
2023-11-05,Mount Buller,12.54763888888889,3.21306746031746
2023-11-12,Mount Buller,11.010195238095243,1.9600166666666654
2023-11-19,Mount Buller,14.80234841269842,6.387215873015878
2023-11-26,Mount Buller,14.840133333333334,5.449113492063498
2023-12-03,Mount Buller,14.356380952380944,7.139392857142858
2023-12-10,Mount Buller,13.266718253968252,5.469281746031752
2023-12-17,Mount Buller,15.694301587301567,8.043936507936507
2023-12-24,Mount Buller,19.115053968253964,9.854484126984133
2023-12-31,Mount Buller,18.86950793650793,9.75682539682541
2024-01-07,Mount Buller,15.549631746031746,6.758119047619049
2024-01-14,Mount Buller,15.199990476190457,6.623398412698414
2024-01-21,Mount Buller,17.235611111111098,8.826738095238092
2024-01-28,Mount Buller,17.42448412698411,8.428547619047606
2024-02-04,Mount Buller,17.77276666666664,7.387099206349206
2024-02-11,Mount Buller,14.5810714285714,6.527293650793662
2024-02-18,Mount Buller,16.856752380952354,8.699376984126989
2024-02-25,Mount Buller,16.020871428571425,8.607396825396824
2024-03-03,Mount Buller,16.627019047619047,8.923738095238084
2024-03-10,Mount Buller,16.858642857142847,8.920682539682536
2024-03-17,Mount Buller,18.909214285714278,10.795380952380961
2024-03-24,Mount Buller,16.678769841269833,8.117650793650792
2024-03-31,Mount Buller,13.457761904761895,5.189293650793649
2024-04-07,Mount Buller,12.79817460317458,6.218206349206346
2024-04-14,Mount Buller,9.539773809523798,2.860952380952384
2024-04-21,Mount Buller,10.773965079365082,3.361990476190474
2024-04-28,Mount Buller,8.693257936507946,2.2582626984126954
2024-05-05,Mount Buller,5.2613293650793675,0.4786730158730165
2024-05-12,Mount Buller,5.663968253968252,0.8795952380952398
2024-05-19,Mount Buller,5.6090317460317465,0.9284158730158731
2024-05-26,Mount Buller,6.239458730158723,1.2084333333333344
2024-06-02,Mount Buller,3.9963730158730146,-0.5085357142857144
2024-06-09,Mount Buller,5.6824841269841295,0.6439365079365079
2024-06-16,Mount Buller,4.700803174603179,-0.8718968253968262
2024-06-23,Mount Buller,4.894309523809527,-1.4879126984126991
2024-06-30,Mount Buller,2.1474190476190476,-3.6795952380952386
2024-07-07,Mount Buller,0.9366031746031755,-4.1126984126984105
2024-07-14,Mount Buller,2.869604761904765,-1.554857142857144
2024-07-21,Mount Buller,1.8768634920634903,-3.0163253968253994
2024-07-28,Mount Buller,1.4121436507936513,-2.293495238095236
2024-08-04,Mount Buller,0.9828293650793647,-2.9583238095238076
2024-08-11,Mount Buller,3.3450634920634985,-2.7027857142857123
2024-08-18,Mount Buller,2.661163492063492,-2.6910952380952393
2024-08-25,Mount Buller,3.5092301587301615,-0.9045793650793651
2024-09-01,Mount Buller,6.452015079365075,0.5407444444444449
2024-09-08,Mount Buller,5.7371111111111155,0.6005793650793648
2024-09-15,Mount Buller,4.653543650793653,-0.09349206349206347
2024-09-22,Mount Buller,6.184459523809533,-0.8463000000000002
2024-09-29,Mount Buller,5.458218253968258,-0.3621650793650799
2024-10-06,Mount Buller,8.281507936507941,1.1402626984127002
2024-10-13,Mount Buller,9.663520634920634,1.23223492063492
2024-10-20,Mount Buller,11.003653968253968,4.21326904761904
2024-10-27,Mount Buller,11.830632539682558,2.7515317460317505
2024-11-03,Mount Buller,12.710834126984127,3.7494365079365095
2024-11-10,Mount Buller,11.237103174603178,3.2759444444444434
2024-11-17,Mount Buller,13.763138095238112,5.596849206349209
2024-11-24,Mount Buller,15.901620634920631,6.83449761904762
2024-12-01,Mount Buller,14.755771428571425,5.7841650793650805
2024-12-08,Mount Buller,12.051960317460336,4.5680357142857115
2024-12-15,Mount Buller,15.680401587301585,7.331583333333339
2024-12-22,Mount Buller,18.71999047619049,9.039099206349203
2024-12-29,Mount Buller,17.198160317460292,10.228566666666659
2025-01-05,Mount Buller,16.118119047619015,7.464342857142862
2025-01-12,Mount Buller,17.538349206349192,9.575509523809538
2025-01-19,Mount Buller,18.60865079365078,8.842126984126988
2025-01-26,Mount Buller,17.4548,9.454046031746032
2025-02-02,Mount Buller,17.79842460317457,10.150674603174618
2025-02-09,Mount Buller,18.38567857142857,10.34987777777779
2025-02-16,Mount Buller,18.593246031746038,9.804531746031753
2025-02-23,Mount Buller,16.700022222222255,8.718626984126985
2025-03-02,Mount Buller,17.48114126984128,8.426644444444452
2025-03-09,Mount Buller,17.236662698412683,8.129222222222198
2025-03-16,Mount Buller,18.982035714285708,10.54819047619049
2025-03-23,Mount Buller,15.40015476190476,8.191476190476191
2025-03-30,Mount Buller,12.57092857142856,4.955793650793651
2025-04-06,Mount Buller,12.541649206349181,6.294484126984119
2025-04-13,Mount Buller,9.79213888888888,3.33635714285714
2025-04-20,Mount Buller,10.128230158730158,3.0374285714285674
2025-04-27,Mount Buller,11.42134603174602,5.500595238095242
2025-05-04,Mount Buller,10.473099206349206,5.39683333333332
2025-05-11,Mount Buller,7.538289682539686,3.359171428571431
2025-05-18,Mount Buller,6.969349206349206,0.8558182539682544
2025-05-25,Mount Buller,6.573473015873006,0.8825666666666672
2025-06-01,Mount Buller,3.8408174603174583,0.09121428571428582
2025-06-08,Mount Buller,3.7220888888888886,0.09427380952380944
2025-06-15,Mount Buller,4.954396825396815,-0.7414857142857143
2025-06-22,Mount Buller,1.3610357142857152,-2.5461793650793694
2025-06-29,Mount Buller,2.850484126984126,-2.015309523809525
2025-07-06,Mount Buller,2.2208095238095242,-1.9269841269841288
2025-07-13,Mount Buller,2.2665904761904767,-2.5897063492063475
2025-07-20,Mount Buller,1.4931507936507937,-2.014365079365081
2025-07-27,Mount Buller,0.6750634920634918,-3.2156507936507945
2025-08-03,Mount Buller,1.4492380952380939,-2.548488095238092
2023-01-01,Mount Hotham,18.79843174603175,7.826426984126994
2023-01-08,Mount Hotham,16.764133333333316,8.256652380952387
2023-01-15,Mount Hotham,17.204396825396806,7.42404761904761
2023-01-22,Mount Hotham,17.05972698412698,8.129901587301585
2023-01-29,Mount Hotham,19.593031746031734,9.585087301587299
2023-02-05,Mount Hotham,15.16793492063491,7.134388888888887
2023-03-05,Mount Hotham,13.517855555555563,5.507642857142858
2023-03-12,Mount Hotham,15.602103174603174,7.288369841269831
2023-03-19,Mount Hotham,13.005808730158735,4.475715873015871
2023-03-26,Mount Hotham,13.974829365079362,5.328230158730156
2023-04-02,Mount Hotham,12.505111111111116,5.015817460317459
2023-04-09,Mount Hotham,10.677612698412693,2.1595460317460318
2023-04-16,Mount Hotham,8.325365079365078,1.1641317460317455
2023-04-23,Mount Hotham,7.941741269841279,2.1968412698412694
2023-04-30,Mount Hotham,7.865031746031742,1.3291222222222225
2023-05-07,Mount Hotham,4.810692063492063,0.2543246031746032
2023-05-14,Mount Hotham,5.4944412698412775,-0.1757095238095237
2023-05-21,Mount Hotham,4.425634920634921,-0.6533452380952385
2023-05-28,Mount Hotham,5.361483333333332,-1.9644555555555578
2023-06-04,Mount Hotham,2.2866904761904747,-2.3384920634920623
2023-06-11,Mount Hotham,1.9346746031746018,-2.4773015873015862
2023-06-18,Mount Hotham,3.2977174603174597,-2.022952380952385
2023-07-16,Mount Hotham,2.539364285714285,-1.636771428571429
2023-07-23,Mount Hotham,1.5713095238095212,-1.8105238095238099
2023-07-30,Mount Hotham,0.817057142857144,-3.0651476190476186
2023-08-06,Mount Hotham,1.4252603174603196,-2.952539682539681
2023-08-13,Mount Hotham,3.3079047619047572,-0.7621349206349207
2023-08-20,Mount Hotham,3.1079619047619063,-1.4840873015873024
2023-08-27,Mount Hotham,1.858999999999999,-2.5228412698412694
2023-09-03,Mount Hotham,5.609392857142851,-0.4324365079365079
2023-09-10,Mount Hotham,5.986015873015874,0.20457460317460294
2023-12-10,Mount Hotham,13.782269841269839,4.485142063492061
2023-12-17,Mount Hotham,15.067738095238088,7.77181746031747
2023-12-24,Mount Hotham,16.61496190476189,8.776761904761894
2023-12-31,Mount Hotham,16.344007936507914,7.721809523809523
2024-01-07,Mount Hotham,15.946412698412708,7.295468253968255
2024-02-25,Mount Hotham,15.538831746031756,6.641604761904762
2024-03-03,Mount Hotham,15.531788888888887,6.898484126984132
2024-03-10,Mount Hotham,15.945780952380922,7.736571428571418
2024-03-17,Mount Hotham,17.70590476190475,10.084277777777777
2024-03-24,Mount Hotham,13.979466666666667,6.129896825396823
2024-03-31,Mount Hotham,13.027341269841276,5.2499444444444405
2024-04-07,Mount Hotham,12.897738095238067,6.344604761904755
2024-04-14,Mount Hotham,7.78651984126983,0.8942817460317476
2024-04-21,Mount Hotham,9.433239682539691,2.332592063492062
2024-04-28,Mount Hotham,9.653535714285718,2.0758015873015876
2024-05-05,Mount Hotham,4.64699603174603,0.2222476190476191
2024-05-12,Mount Hotham,5.58841428571428,-0.08933333333333339
2024-05-19,Mount Hotham,4.795766666666662,0.04119444444444444
2024-05-26,Mount Hotham,6.601507936507924,0.7100317460317466
2024-06-02,Mount Hotham,3.7590253968253973,-1.3304444444444463
2024-06-09,Mount Hotham,3.770833333333334,-1.8794563492063507
2024-06-16,Mount Hotham,4.179396825396829,-1.0737142857142872
2024-06-23,Mount Hotham,2.677805555555553,-2.3855746031746037
2024-06-30,Mount Hotham,1.049834920634922,-4.746841269841271
2024-07-07,Mount Hotham,0.31532619047619054,-4.216492063492066
2024-07-14,Mount Hotham,0.27656507936507924,-4.628936507936505
2024-07-21,Mount Hotham,0.3625047619047619,-3.732579365079363
2024-07-28,Mount Hotham,0.5288888888888892,-3.028492063492059
2024-08-04,Mount Hotham,0.3591349206349208,-4.1433571428571465
2024-08-11,Mount Hotham,0.2518444444444446,-5.080492063492058
2024-08-18,Mount Hotham,2.181730158730157,-2.978015873015868
2024-08-25,Mount Hotham,2.107739682539682,-2.292546031746033
2024-09-01,Mount Hotham,6.139666666666663,1.0797222222222216
2024-09-08,Mount Hotham,4.4936904761904755,-0.6084880952380957
2024-09-15,Mount Hotham,4.276420634920638,-1.1076984126984117
2024-09-22,Mount Hotham,5.401328571428574,-0.741026984126984
2024-09-29,Mount Hotham,5.043960317460317,-0.9663492063492061
2024-10-06,Mount Hotham,7.716026984126992,0.12720952380952377
2024-10-13,Mount Hotham,9.407511111111104,1.081599999999999
2024-10-20,Mount Hotham,10.369838095238107,3.535330158730153
2024-10-27,Mount Hotham,9.852333333333343,2.546238095238099
2024-11-03,Mount Hotham,10.35873015873015,1.3941071428571437
2024-11-10,Mount Hotham,11.402062698412708,3.555718253968253
2024-11-17,Mount Hotham,13.886818253968261,5.131813492063494
2024-11-24,Mount Hotham,15.01356349206348,6.47008888888889
2024-12-01,Mount Hotham,14.800569841269828,6.200499999999996
2024-12-08,Mount Hotham,12.011276984126983,5.110107142857152
2024-12-15,Mount Hotham,14.272668253968241,6.3111746031746065
2024-12-22,Mount Hotham,18.72033333333335,8.67530952380952
2024-12-29,Mount Hotham,18.348376190476188,11.090819047619041
2025-01-05,Mount Hotham,16.91845238095235,7.205895238095239
2025-01-12,Mount Hotham,17.43524126984125,9.272685714285727
2025-01-19,Mount Hotham,18.971722222222226,7.845442857142851
2025-01-26,Mount Hotham,18.052938095238115,6.919123809523811
2025-02-02,Mount Hotham,16.353725396825396,7.115140476190472
2025-02-09,Mount Hotham,19.298396825396853,10.785120634920666
2025-02-16,Mount Hotham,16.48786587301585,7.655817460317456
2025-02-23,Mount Hotham,15.180471428571467,6.819103174603164
2025-03-02,Mount Hotham,17.901880952380935,8.37378253968254
2025-03-09,Mount Hotham,16.55546428571428,7.918936507936498
2025-03-16,Mount Hotham,18.314063492063482,10.056079365079379
2025-03-23,Mount Hotham,15.104490476190454,6.521323809523812
2025-03-30,Mount Hotham,13.10355714285713,5.775896825396823
2025-04-06,Mount Hotham,12.048095238095236,5.708492063492064
2025-04-13,Mount Hotham,9.676620634920626,3.5685698412698406
2025-04-20,Mount Hotham,8.375321428571432,2.0348809523809503
2025-04-27,Mount Hotham,11.604522222222215,5.398761904761905
2025-05-04,Mount Hotham,7.653158730158729,2.922388888888888
2025-05-11,Mount Hotham,6.860380952380951,1.9692857142857156
2025-05-18,Mount Hotham,5.175081746031742,0.4346150793650795
2025-05-25,Mount Hotham,6.3975063492063375,0.14004761904761903
2025-06-01,Mount Hotham,3.7355873015872985,-0.7130238095238103
2025-06-08,Mount Hotham,3.2702793650793636,-1.028079365079365
2025-06-15,Mount Hotham,4.4971349206349185,-1.003757142857143
2025-06-22,Mount Hotham,-0.3114920634920632,-3.7735317460317486
2025-06-29,Mount Hotham,1.9481904761904756,-3.1074365079365074
2025-07-06,Mount Hotham,0.4793571428571424,-3.188411111111112
2025-07-13,Mount Hotham,1.2556476190476187,-3.028847619047616
2025-07-20,Mount Hotham,0.6949682539682546,-2.839742063492064
2025-07-27,Mount Hotham,-0.07642857142857142,-3.519246031746035
2025-08-03,Mount Hotham,0.011916666666666659,-3.90698412698413
2023-01-01,Perisher AWS,17.132690476190472,7.103978571428564
2023-01-08,Perisher AWS,21.144880952380937,8.672446031746038
2023-01-15,Perisher AWS,19.074379365079366,7.487466666666672
2023-01-22,Perisher AWS,20.291629365079345,7.426657936507935
2023-01-29,Perisher AWS,19.366111111111096,7.133752380952381
2023-02-05,Perisher AWS,18.129911111111127,5.587587301587296
2023-02-12,Perisher AWS,15.983904761904766,5.616912698412696
2023-02-19,Perisher AWS,16.915232539682545,5.692325396825389
2023-02-26,Perisher AWS,18.44445238095237,5.887134920634915
2023-03-05,Perisher AWS,17.54719047619047,7.093650793650795
2023-03-12,Perisher AWS,16.448514285714275,6.951690476190464
2023-03-19,Perisher AWS,14.043192063492073,4.3075952380952325
2023-03-26,Perisher AWS,15.091873015873018,6.509158730158734
2023-04-02,Perisher AWS,13.220873015873023,5.568079365079367
2023-04-09,Perisher AWS,11.376464285714292,4.4883968253968245
2023-04-16,Perisher AWS,10.971984126984125,3.4676698412698443
2023-04-23,Perisher AWS,10.719293650793638,2.615144444444445
2023-04-30,Perisher AWS,10.672052380952387,1.7418190476190463
2023-05-07,Perisher AWS,8.560539682539686,0.20504126984126955
2023-05-14,Perisher AWS,8.230484126984125,-0.4921023809523809
2023-05-21,Perisher AWS,7.176944444444444,-1.6209134920634933
2023-05-28,Perisher AWS,5.814741269841267,-2.4995198412698407
2023-06-04,Perisher AWS,3.5795873015873014,-2.775666666666663
2023-06-11,Perisher AWS,2.7104920634920613,-1.121611111111111
2023-06-18,Perisher AWS,3.724246031746032,-0.8439523809523821
2023-06-25,Perisher AWS,4.1179841269841235,-1.212192063492064
2023-07-02,Perisher AWS,2.3784666666666654,-2.9087253968254014
2023-07-09,Perisher AWS,2.544782539682543,-2.920642857142855
2023-07-16,Perisher AWS,2.3340079365079385,-3.262411111111113
2023-07-23,Perisher AWS,3.1174444444444447,-1.693968253968253
2023-07-30,Perisher AWS,3.732182539682541,-2.463019841269841
2023-08-06,Perisher AWS,3.703984126984126,-3.4514841269841265
2023-08-13,Perisher AWS,4.376157142857142,-0.5550190476190475
2023-08-20,Perisher AWS,5.01860793650794,-1.4579126984126978
2023-08-27,Perisher AWS,4.272253968253964,-3.24738095238095
2023-09-03,Perisher AWS,7.510534920634923,-0.764931746031746
2023-09-10,Perisher AWS,7.848159523809523,0.023442063492063524
2023-09-17,Perisher AWS,6.803403968253967,-1.0407746031746028
2023-09-24,Perisher AWS,9.93188571428571,3.4563698412698423
2023-10-01,Perisher AWS,10.527297619047618,0.7138523809523821
2023-10-08,Perisher AWS,13.583453968253965,4.462067460317463
2023-10-15,Perisher AWS,12.01646587301587,2.3613333333333357
2023-10-22,Perisher AWS,11.116115873015863,1.428819047619045
2023-10-29,Perisher AWS,13.298574603174625,1.793885714285711
2023-11-05,Perisher AWS,11.960472222222212,1.491418253968253
2023-11-12,Perisher AWS,11.758126984126987,2.16834365079365
2023-11-19,Perisher AWS,14.452431746031749,3.664595238095235
2023-11-26,Perisher AWS,16.89032380952381,5.149573015873007
2023-12-03,Perisher AWS,14.924900000000001,5.129773809523808
2023-12-10,Perisher AWS,13.599865079365095,5.649531746031759
2023-12-17,Perisher AWS,17.31694603174604,7.962287301587311
2023-12-24,Perisher AWS,20.46857142857143,9.27809523809522
2023-12-31,Perisher AWS,18.632214285714287,7.602428571428574
2024-01-07,Perisher AWS,17.233161904761893,6.542142857142869
2024-01-14,Perisher AWS,17.99779206349207,6.364111111111114
2024-01-21,Perisher AWS,17.895007936507938,7.393693650793644
2024-01-28,Perisher AWS,18.629371428571414,8.48044761904762
2024-02-04,Perisher AWS,15.237798412698396,6.330584920634922
2024-02-11,Perisher AWS,20.113940476190475,11.378422222222234
2024-02-18,Perisher AWS,18.31471746031744,8.611511904761915
2024-02-25,Perisher AWS,15.99795238095238,6.295103174603173
2024-03-03,Perisher AWS,18.332403968253953,8.50675714285715
2024-03-10,Perisher AWS,18.754547619047617,7.703428571428564
2024-03-17,Perisher AWS,19.110686507936503,10.22434285714287
2024-03-24,Perisher AWS,15.569499999999998,5.9387698412698375
2024-03-31,Perisher AWS,13.235380952380948,3.837774603174605
2024-04-07,Perisher AWS,14.90432539682538,4.925023809523812
2024-04-14,Perisher AWS,11.439714285714281,1.6173809523809546
2024-04-21,Perisher AWS,12.369990476190475,2.8041253968253996
2024-04-28,Perisher AWS,10.644928571428574,1.0368571428571436
2024-05-05,Perisher AWS,8.567063492063504,0.5123333333333333
2024-05-12,Perisher AWS,6.173274603174606,-0.7498325396825394
2024-05-19,Perisher AWS,5.0082746031746,-0.85555873015873
2024-05-26,Perisher AWS,6.699847619047617,0.06610793650793646
2024-06-02,Perisher AWS,5.228734126984129,-1.6539642857142873
2024-06-09,Perisher AWS,4.835714285714286,-2.7301849206349247
2024-06-16,Perisher AWS,4.179647619047618,-2.566087301587297
2024-06-23,Perisher AWS,4.744027777777774,-2.439906349206351
2024-06-30,Perisher AWS,2.7866857142857113,-4.573706349206349
2024-07-07,Perisher AWS,2.389479365079362,-4.605031746031744
2024-07-14,Perisher AWS,2.699620634920634,-3.432823809523812
2024-07-21,Perisher AWS,3.6671333333333282,-3.590523809523811
2024-07-28,Perisher AWS,2.526702380952379,-2.7560238095238065
2024-08-04,Perisher AWS,2.3552412698412697,-3.0056095238095235
2024-08-11,Perisher AWS,3.0638849206349166,-3.2692301587301618
2024-08-18,Perisher AWS,4.901476190476184,-3.902761904761906
2024-08-25,Perisher AWS,5.094428571428569,-0.8482944444444439
2024-09-01,Perisher AWS,7.18667063492063,0.577198412698413
2024-09-08,Perisher AWS,6.0875198412698435,0.4542507936507934
2024-09-15,Perisher AWS,5.006166666666664,-0.4160293650793655
2024-09-22,Perisher AWS,9.65304206349208,1.1456396825396828
2024-09-29,Perisher AWS,6.0691238095238145,-0.7681666666666668
2024-10-06,Perisher AWS,9.501555555555557,1.2198365079365063
2024-10-13,Perisher AWS,9.75965079365079,1.3775904761904738
2024-10-20,Perisher AWS,11.61277460317459,1.6666428571428553
2024-10-27,Perisher AWS,11.440139682539693,2.251388888888891
2024-11-03,Perisher AWS,14.672496825396856,4.511696825396829
2024-11-10,Perisher AWS,11.203293650793658,3.5026706349206322
2024-11-17,Perisher AWS,15.597719047619075,5.703567460317453
2024-11-24,Perisher AWS,17.09021746031747,6.377946825396814
2024-12-01,Perisher AWS,16.882265079365094,5.241608730158721
2024-12-08,Perisher AWS,15.626368253968261,6.6262674603174645
2024-12-15,Perisher AWS,17.556195238095235,9.057809523809523
2024-12-22,Perisher AWS,19.7390238095238,9.90204761904762
2024-12-29,Perisher AWS,18.80149682539684,6.76766825396825
2025-01-05,Perisher AWS,19.437799999999978,7.394969841269841
2025-01-12,Perisher AWS,18.85809365079365,8.383623809523803
2025-01-19,Perisher AWS,19.501050793650766,6.663561904761907
2025-01-26,Perisher AWS,17.977406349206344,6.384419047619042
2025-02-02,Perisher AWS,19.427141269841265,6.306968253968246
2025-02-09,Perisher AWS,20.535047619047617,6.98426031746031
2025-02-16,Perisher AWS,20.315954761904752,9.76749523809525
2025-02-23,Perisher AWS,17.189831746031757,8.36777380952381
2025-03-02,Perisher AWS,18.299068253968276,6.558742857142857
2025-03-09,Perisher AWS,18.184365079365055,7.4043587301587115
2025-03-16,Perisher AWS,17.564576190476192,8.755358730158743
2025-03-23,Perisher AWS,16.3135,7.021825396825386
2025-03-30,Perisher AWS,15.50552380952379,6.447496031746035
2025-04-06,Perisher AWS,15.194785714285702,5.9903809523809475
2025-04-13,Perisher AWS,11.06342539682538,2.5546857142857182
2025-04-20,Perisher AWS,11.581296825396803,3.5220595238095256
2025-04-27,Perisher AWS,13.903817460317441,4.085996031746034
2025-05-04,Perisher AWS,9.60203968253968,1.739500000000002
2025-05-11,Perisher AWS,7.633182539682539,1.2998476190476196
2025-05-18,Perisher AWS,9.190202380952387,2.196299999999999
2025-05-25,Perisher AWS,7.459545238095229,0.6572317460317463
2025-06-01,Perisher AWS,3.984492063492061,-2.618804761904763
2025-06-08,Perisher AWS,4.580976190476193,-1.6928484126984111
2025-06-15,Perisher AWS,5.567222222222221,-2.9951746031746045
2025-06-22,Perisher AWS,4.205483333333331,-3.8573452380952404
2025-06-29,Perisher AWS,2.9738888888888892,-3.4515714285714263
2025-07-06,Perisher AWS,3.5094507936507937,-4.199396825396827
2025-07-13,Perisher AWS,3.2965206349206397,-3.268182539682539
2025-07-20,Perisher AWS,2.285333333333334,-2.7210714285714306
2025-07-27,Perisher AWS,2.7987936507936526,-3.2732539682539685
2025-08-03,Perisher AWS,2.4435158730158704,-3.6308214285714295
2023-01-01,Thredbo AWS,18.808556349206345,8.159405555555564
2023-01-08,Thredbo AWS,16.369802380952358,7.586333333333332
2023-01-15,Thredbo AWS,17.281185714285698,7.714944444444451
2023-01-22,Thredbo AWS,17.284560317460326,8.42356428571429
2023-01-29,Thredbo AWS,17.78157142857143,8.605933333333326
2023-02-05,Thredbo AWS,18.98316507936506,8.174899206349208
2023-02-12,Thredbo AWS,14.35299206349206,4.691993650793649
2023-02-19,Thredbo AWS,16.45474603174602,6.764001587301584
2023-02-26,Thredbo AWS,17.338503174603172,8.27031746031746
2023-03-05,Thredbo AWS,17.115082539682554,8.333663492063492
2023-03-12,Thredbo AWS,14.70161904761906,6.973833333333332
2023-03-19,Thredbo AWS,13.049492063492066,4.627480952380951
2023-03-26,Thredbo AWS,14.048448412698415,5.815912698412694
2023-05-07,Thredbo AWS,11.019047619047607,4.681706349206343
2023-05-14,Thredbo AWS,7.726261904761907,0.47178253968254
2023-05-21,Thredbo AWS,4.779829365079363,-1.1720634920634945
2023-05-28,Thredbo AWS,4.824978571428571,-2.759242063492061
2023-06-04,Thredbo AWS,2.7921428571428546,-2.163063492063489
2023-06-11,Thredbo AWS,1.8273380952380944,-2.9512539682539685
2023-06-18,Thredbo AWS,2.632123809523807,-1.5956349206349183
2023-06-25,Thredbo AWS,2.3275634920634887,-2.539426984126983
2023-07-02,Thredbo AWS,0.0015714285714285307,-3.3890476190476164
2023-07-09,Thredbo AWS,0.048218253968253924,-3.87043650793651
2023-07-16,Thredbo AWS,0.15336904761904765,-4.683071428571429
2023-07-23,Thredbo AWS,1.5919523809523817,-3.221014285714277
2023-07-30,Thredbo AWS,1.2311428571428578,-3.346047619047621
2023-08-06,Thredbo AWS,2.3128698412698396,-3.4839365079365114
2023-08-13,Thredbo AWS,2.3014936507936525,-1.8170873015873015
2023-08-20,Thredbo AWS,2.6056031746031754,-2.2642301587301588
2023-08-27,Thredbo AWS,2.2789365079365065,-3.779190476190475
2023-09-03,Thredbo AWS,5.604825396825395,-0.5892261904761896
2023-10-08,Thredbo AWS,8.765777777777785,1.1150920634920634
2023-10-15,Thredbo AWS,7.634912698412692,0.48940873015873043
2023-10-22,Thredbo AWS,8.793007936507939,1.1711261904761914
2023-10-29,Thredbo AWS,12.228351587301574,1.9499277777777781
2023-11-05,Thredbo AWS,11.97111507936508,3.31664444444444
2023-11-12,Thredbo AWS,11.423531746031756,1.8937261904761904
2023-11-19,Thredbo AWS,14.19330873015873,5.680222222222218
2023-11-26,Thredbo AWS,15.104986507936516,4.683849206349214
2023-12-03,Thredbo AWS,13.947936507936516,5.15654841269841
2023-12-10,Thredbo AWS,13.207920634920644,4.872714285714286
2023-12-17,Thredbo AWS,15.191690476190464,7.6730079365079416
2023-12-24,Thredbo AWS,17.94246666666666,8.296730158730151
2023-12-31,Thredbo AWS,16.275678571428557,7.0072269841269765
2024-01-07,Thredbo AWS,16.053309523809546,6.9673793650793625
2024-01-14,Thredbo AWS,14.231506349206324,6.19421746031746
2024-01-21,Thredbo AWS,16.271933333333305,7.463217460317458
2024-01-28,Thredbo AWS,17.12184126984125,7.6256269841269795
2024-02-04,Thredbo AWS,17.347506349206324,7.379527777777774
2024-02-11,Thredbo AWS,16.495874603174602,7.6982936507936515
2024-02-18,Thredbo AWS,17.509011111111096,8.70391904761905
2024-02-25,Thredbo AWS,15.43653015873015,5.996424603174609
2024-03-03,Thredbo AWS,17.62477142857141,6.850188888888891
2024-03-10,Thredbo AWS,15.9421698412698,7.172301587301584
2024-03-17,Thredbo AWS,18.80184126984126,9.964817460317464
2024-03-24,Thredbo AWS,13.196180952380974,5.543230158730165
2024-03-31,Thredbo AWS,12.798158730158725,4.241138095238096
2024-04-07,Thredbo AWS,12.74930634920634,3.695111904761904
2024-04-14,Thredbo AWS,8.815706349206353,0.9698253968253988
2024-04-21,Thredbo AWS,10.817919047619048,2.954809523809523
2024-04-28,Thredbo AWS,10.130257142857161,1.946465079365078
2024-05-05,Thredbo AWS,5.291841269841269,0.3613539682539687
2024-05-12,Thredbo AWS,5.646923809523805,-1.2908095238095225
2024-05-19,Thredbo AWS,5.542544444444436,-1.5046920634920662
2024-05-26,Thredbo AWS,6.801288095238083,0.41943650793650805
2024-06-02,Thredbo AWS,3.8706547619047647,-2.723388095238097
2024-06-09,Thredbo AWS,4.260873015873015,-2.826015873015874
2024-06-16,Thredbo AWS,4.768730158730157,-0.8963857142857148
2024-06-23,Thredbo AWS,2.606246031746029,-2.3539126984127003
2024-06-30,Thredbo AWS,0.2898357142857143,-4.2793253968253975
2024-07-07,Thredbo AWS,0.23751111111111142,-3.9442142857142866
2024-07-14,Thredbo AWS,-0.09570158730158729,-4.603182539682536
2024-07-21,Thredbo AWS,1.8970912698412696,-3.640607142857144
2024-07-28,Thredbo AWS,0.6490158730158737,-3.015849206349203
2024-08-04,Thredbo AWS,0.16911507936507944,-3.8179126984126976
2024-08-11,Thredbo AWS,0.7278182539682535,-4.320420634920636
2024-08-18,Thredbo AWS,2.8796428571428594,-3.6387857142857154
2024-08-25,Thredbo AWS,2.5091761904761896,-3.142329365079367
2024-09-01,Thredbo AWS,5.399173015873009,-0.4517063492063494
2024-09-08,Thredbo AWS,4.213269841269848,-1.0171952380952383
2024-09-15,Thredbo AWS,5.700496031746036,-0.7408650793650793
2024-09-22,Thredbo AWS,6.367241269841264,-0.1435952380952381
2024-09-29,Thredbo AWS,5.326547619047625,-0.5390015873015869
2024-10-06,Thredbo AWS,7.725571428571428,0.7594920634920628
2024-10-13,Thredbo AWS,8.360186507936504,0.1643492063492064
2024-10-20,Thredbo AWS,10.491339682539692,2.5110277777777767
2024-10-27,Thredbo AWS,9.22276587301587,1.6105460317460338
2024-11-03,Thredbo AWS,12.721611111111104,3.3129047619047616
2024-11-10,Thredbo AWS,11.322053174603182,3.4542420634920616
2024-11-17,Thredbo AWS,13.547227777777792,5.623218253968255
2024-11-24,Thredbo AWS,15.012021428571416,6.528184126984131
2024-12-01,Thredbo AWS,13.538942857142844,5.393591269841273
2024-12-08,Thredbo AWS,12.558571428571437,5.311211904761915
2024-12-15,Thredbo AWS,14.49531269841269,5.900555555555562
2024-12-22,Thredbo AWS,18.879152380952384,9.258226190476199
2024-12-29,Thredbo AWS,18.312947619047634,9.815247619047616
2025-01-05,Thredbo AWS,16.93456666666665,7.520304761904769
2025-01-12,Thredbo AWS,17.469647619047628,8.903471428571436
2025-01-19,Thredbo AWS,18.98804444444444,7.9177396825396835
2025-01-26,Thredbo AWS,17.278341269841274,6.784182539682543
2025-02-02,Thredbo AWS,18.164709523809513,6.202950793650784
2025-02-09,Thredbo AWS,17.01086349206349,7.132722222222214
2025-02-16,Thredbo AWS,17.761207936507905,8.138073015873012
2025-02-23,Thredbo AWS,14.928976190476215,6.255246031746027
2025-03-02,Thredbo AWS,18.72612539682539,8.96192380952381
2025-03-09,Thredbo AWS,16.37769841269841,7.979611111111117
2025-03-16,Thredbo AWS,17.61707936507935,8.590158730158725
2025-03-23,Thredbo AWS,14.689626984126983,7.398095238095232
2025-03-30,Thredbo AWS,12.953571428571417,5.110190476190475
2025-04-06,Thredbo AWS,12.674086507936494,5.893746031746028
2025-04-13,Thredbo AWS,9.705735714285717,3.200198412698409
2025-04-20,Thredbo AWS,9.087362698412708,2.9820912698412663
2025-04-27,Thredbo AWS,11.80245238095238,4.754777777777776
2025-05-04,Thredbo AWS,6.9961904761904865,1.1638920634920646
2025-05-11,Thredbo AWS,7.694285714285697,1.4629714285714275
2025-05-18,Thredbo AWS,7.807563492063491,2.090081746031744
2025-05-25,Thredbo AWS,6.303473015873004,-0.2955396825396825
2025-06-01,Thredbo AWS,4.496301587301587,-0.25966984126984116
2025-06-08,Thredbo AWS,2.8798333333333312,-1.879452380952379
2025-06-15,Thredbo AWS,3.9039920634920646,-2.29036507936508
2025-06-22,Thredbo AWS,-0.4408285714285716,-4.143928571428575
2025-06-29,Thredbo AWS,2.3985603174603174,-3.1047460317460334
2025-07-06,Thredbo AWS,1.0083888888888888,-2.791761904761905
2025-07-13,Thredbo AWS,1.0859523809523812,-3.38211111111111
2025-07-20,Thredbo AWS,-0.015111111111111093,-4.0696349206349245
2025-07-27,Thredbo AWS,0.1704444444444443,-4.068031746031751
